"","Var1","Freq","prob"
"1","draw",378,0.241533546325879
"2","win away",503,0.321405750798722
"3","win home",684,0.437060702875399
