"round","score","accuracy","wins","losses","ties"
"all",11,0.419444444444444,149,96,110
"7",1,0.333333333333333,16,2,14
"5",1,0.333333333333333,3,18,21
"4",1,0.25,14,28,16
"3",4,0.8,45,1,15
"2",1,0.2,5,39,19
"1",3,0.6,66,8,25
