"round","score","accuracy","wins","losses","ties"
"all",12,0.388095238095238,149,130,121
"8",1,0.2,0,34,11
"7",1,0.333333333333333,16,2,14
"5",1,0.333333333333333,3,18,21
"4",1,0.25,14,28,16
"3",4,0.8,45,1,15
"2",1,0.2,5,39,19
"1",3,0.6,66,8,25
