"round","score","accuracy","wins","losses","ties"
"all",19,0.453333333333333,217,151,151
"11",2,0.4,15,11,13
"10",2,0.666666666666667,12,10,16
"9",3,0.75,41,0,1
"8",1,0.2,0,34,11
"7",1,0.333333333333333,16,2,14
"5",1,0.333333333333333,3,18,21
"4",1,0.25,14,28,16
"3",4,0.8,45,1,15
"2",1,0.2,5,39,19
"1",3,0.6,66,8,25
