"match","win home","draw","win away"
"FC Lausanne-Sport-FC Lugano",0.266666666666667,0.466666666666667,0.266666666666667
"FC Luzern-BSC Young Boys",0.0666666666666667,0.133333333333333,0.8
"FC Sion-FC Vaduz",0.533333333333333,0.4,0.0666666666666667
"FC St. Gallen 1879-FC Basel 1893",0.4,0.4,0.2
"Servette FC-FC Zürich",0.6,0.266666666666667,0.133333333333333
