"match","win home team","draw","win away team"
"BSC Young Boys-FC Zürich",0.863309090909091,0.0980363636363636,0.0386545454545455
"FC Lausanne-Sport-FC St. Gallen 1879",0.4726,0.165854545454545,0.361545454545455
"FC Lugano-FC Basel 1893",0.180272727272727,0.219,0.600727272727273
"FC Luzern-FC Sion",0.560945454545455,0.183472727272727,0.255581818181818
"Servette FC-FC Vaduz",0.619981818181818,0.280018181818182,0.1
