"match","win home","draw","win away"
"FC Luzern-FC Lausanne-Sport",0.222222222222222,0.349206349206349,0.428571428571429
"FC Sion-BSC Young Boys",0.0476190476190476,0.206349206349206,0.746031746031746
"FC Vaduz-FC St. Gallen 1879",0.0476190476190476,0.253968253968254,0.698412698412698
"FC Zürich-FC Lugano",0.206349206349206,0.380952380952381,0.412698412698413
"Servette FC-FC Basel 1893",0.238095238095238,0.333333333333333,0.428571428571429
