"match","win home","draw","win away"
"BSC Young Boys-FC Vaduz",0.904761904761905,0.0952380952380952,0
"FC Lausanne-Sport-FC Sion",0.714285714285714,0.238095238095238,0.0476190476190476
"FC Lugano-FC Zürich",0.428571428571429,0.476190476190476,0.0952380952380952
"FC Luzern-FC St. Gallen 1879",0.476190476190476,0.285714285714286,0.238095238095238
"Servette FC-FC Basel 1893",0.380952380952381,0.380952380952381,0.238095238095238
