"match","win home team","draw","win away team"
"BSC Young Boys-FC Vaduz",0.830490909090909,0.120218181818182,0.0492909090909091
"FC Lausanne-Sport-FC Sion",0.421163636363636,0.281745454545455,0.297090909090909
"FC Lugano-FC Zürich",0.632509090909091,0.161054545454545,0.206436363636364
"FC Luzern-FC St. Gallen 1879",0.307654545454545,0.195872727272727,0.496472727272727
"Servette FC-FC Basel 1893",0.456927272727273,0.226418181818182,0.316654545454545
