"match","win home","draw","win away"
"FC Lugano-FC Lausanne-Sport",0.67741935483871,0.193548387096774,0.129032258064516
"FC Luzern-FC Basel 1893",0.129032258064516,0.32258064516129,0.548387096774194
"FC St. Gallen 1879-BSC Young Boys",0.0967741935483871,0.451612903225806,0.451612903225806
"FC Zürich-FC Sion",0.67741935483871,0.290322580645161,0.032258064516129
"Servette FC-FC Vaduz",0.935483870967742,0.0645161290322581,0
