"match","win home","draw","win away"
"FC Basel 1893-BSC Young Boys",0.333333333333333,0.333333333333333,0.333333333333333
"FC Luzern-FC Zürich",0.142857142857143,0.380952380952381,0.476190476190476
"FC St. Gallen 1879-FC Lugano",0.714285714285714,0.238095238095238,0.0476190476190476
"FC Vaduz-FC Lausanne-Sport",0.0476190476190476,0.333333333333333,0.619047619047619
"Servette FC-FC Sion",0.904761904761905,0.0952380952380952,0
