"match","win home","draw","win away"
"BSC Young Boys-FC Sion",1,0,0
"FC Basel 1893-FC Lugano",0.388888888888889,0.388888888888889,0.222222222222222
"FC St. Gallen 1879-FC Zürich",0.277777777777778,0.611111111111111,0.111111111111111
"FC Vaduz-FC Luzern",0.166666666666667,0.555555555555556,0.277777777777778
"Servette FC-FC Lausanne-Sport",0.555555555555556,0.333333333333333,0.111111111111111
