"match","win home","draw","win away"
"FC Luzern-FC St. Gallen 1879",0.037037037037037,0.333333333333333,0.62962962962963
"FC Sion-FC Lausanne-Sport",0.037037037037037,0.444444444444444,0.518518518518518
"FC Vaduz-FC Lugano",0.222222222222222,0.444444444444444,0.333333333333333
"FC Zürich-FC Basel 1893",0.0740740740740741,0.185185185185185,0.740740740740741
"Servette FC-BSC Young Boys",0.0740740740740741,0.37037037037037,0.555555555555556
