"match","win home","draw","win away"
"FC Luzern-FC St. Gallen 1879",0.0925925925925926,0.222222222222222,0.685185185185185
"FC Sion-FC Lausanne-Sport",0.0925925925925926,0.425925925925926,0.481481481481481
"FC Vaduz-FC Lugano",0.166666666666667,0.481481481481481,0.351851851851852
"FC Zürich-FC Basel 1893",0.0555555555555556,0.203703703703704,0.740740740740741
"Servette FC-BSC Young Boys",0.111111111111111,0.388888888888889,0.5
