"match","win home","draw","win away"
"BSC Young Boys-FC Vaduz",0.983606557377049,0.0163934426229508,0
"FC Basel 1893-FC Luzern",0.475409836065574,0.475409836065574,0.0491803278688525
"FC Lausanne Sport-FC Zürich",0.475409836065574,0.426229508196721,0.0983606557377049
"FC Lugano-FC Sion",0.377049180327869,0.377049180327869,0.245901639344262
"FC St. Gallen 1879-Servette FC",0.540983606557377,0.327868852459016,0.131147540983607
