"match","win home","draw","win away"
"FC Lausanne-Sport-FC Basel 1893",0,0.37037037037037,0.62962962962963
"FC Lugano-FC Vaduz",0.851851851851852,0.148148148148148,0
"FC Luzern-Servette FC",0.185185185185185,0.444444444444444,0.37037037037037
"FC Sion-FC St. Gallen 1879",0.111111111111111,0.481481481481481,0.407407407407407
"FC Zürich-BSC Young Boys",0.111111111111111,0.222222222222222,0.666666666666667
