"match","win home","draw","win away"
"FC Luzern-FC St. Gallen 1879",0.120689655172414,0.224137931034483,0.655172413793103
"FC Sion-FC Lausanne-Sport",0.103448275862069,0.396551724137931,0.5
"FC Vaduz-FC Lugano",0.172413793103448,0.46551724137931,0.362068965517241
"FC Zürich-FC Basel 1893",0.0517241379310345,0.206896551724138,0.741379310344828
"Servette FC-BSC Young Boys",0.103448275862069,0.379310344827586,0.517241379310345
