"match","win home team","draw","win away team"
"BSC Young Boys-FC St. Gallen 1879",0.855309090909091,0.0952363636363636,0.0494545454545455
"FC Basel 1893-FC Luzern",0.385127272727273,0.584163636363636,0.0307090909090909
"FC Zürich-FC Thun",0.188436363636364,0.535454545454545,0.276109090909091
"Neuchâtel Xamax FCS-FC Lugano",0.165763636363636,0.155545454545455,0.678690909090909
"Servette FC-FC Sion",0.535490909090909,0.0815818181818182,0.382927272727273
