"match","win home","draw","win away"
"FC Basel 1893-BSC Young Boys",0.382352941176471,0.323529411764706,0.294117647058824
"FC Luzern-FC Zürich",0.235294117647059,0.323529411764706,0.441176470588235
"FC St. Gallen 1879-FC Lugano",0.647058823529412,0.294117647058824,0.0588235294117647
"FC Vaduz-FC Lausanne-Sport",0.0294117647058824,0.352941176470588,0.617647058823529
"Servette FC-FC Sion",0.941176470588235,0.0588235294117647,0
