"match","win home","draw","win away"
"BSC Young Boys-FC Basel 1893",0.652173913043478,0.130434782608696,0.217391304347826
"FC Luzern-FC Vaduz",0.608695652173913,0.217391304347826,0.173913043478261
"FC Sion-FC Zürich",0.0434782608695652,0.565217391304348,0.391304347826087
"FC St. Gallen 1879-FC Lausanne-Sport",0.652173913043478,0.304347826086957,0.0434782608695652
"Servette FC-FC Lugano",0.173913043478261,0.478260869565217,0.347826086956522
