"match","win home","draw","win away"
"BSC Young Boys-FC Basel 1893",0.666666666666667,0.133333333333333,0.2
"FC Luzern-FC Vaduz",0.622222222222222,0.244444444444444,0.133333333333333
"FC Sion-FC Zürich",0.0444444444444444,0.555555555555556,0.4
"FC St. Gallen 1879-FC Lausanne-Sport",0.622222222222222,0.288888888888889,0.0888888888888889
"Servette FC-FC Lugano",0.222222222222222,0.444444444444444,0.333333333333333
