"match","win home team","draw","win away team"
"BSC Young Boys-FC Luzern",0.5482,0.349127272727273,0.102672727272727
"FC Basel 1893-FC Lausanne-Sport",0.470345454545455,0.190309090909091,0.339345454545455
"FC Lugano-FC St. Gallen 1879",0.252290909090909,0.363381818181818,0.384327272727273
"FC Sion-Servette FC",0.468781818181818,0.200327272727273,0.330890909090909
"FC Vaduz-FC Zürich",0.392927272727273,0.346781818181818,0.260290909090909
