"match","win home","draw","win away"
"BSC Young Boys-FC Lausanne-Sport",0.928571428571429,0.0714285714285714,0
"FC Basel 1893-FC Sion",0.821428571428571,0.107142857142857,0.0714285714285714
"FC Vaduz-FC Zürich",0,0.5,0.5
"Servette FC-FC Luzern",0.357142857142857,0.428571428571429,0.214285714285714
"",0,0,0
