"match","win home","draw","win away"
"BSC Young Boys-FC Lugano",0.827586206896552,0.137931034482759,0.0344827586206897
"FC Basel 1893-FC St. Gallen 1879",0.310344827586207,0.310344827586207,0.379310344827586
"FC Lausanne-Sport-FC Luzern",0.413793103448276,0.379310344827586,0.206896551724138
"FC Sion-FC Vaduz",0.655172413793103,0.310344827586207,0.0344827586206897
"FC Zürich-Servette FC",0.482758620689655,0.413793103448276,0.103448275862069
