"match","win home team","draw","win away team"
"FC Luzern-FC Lausanne-Sport",0.145709090909091,0.1932,0.661090909090909
"FC Sion-BSC Young Boys",0.0583636363636364,0.0904909090909091,0.851145454545455
"FC Vaduz-FC St. Gallen 1879",0.354781818181818,0.247890909090909,0.397327272727273
"FC Zürich-FC Lugano",0.190563636363636,0.154727272727273,0.654709090909091
"Servette FC-FC Basel 1893",0.256090909090909,0.469981818181818,0.273927272727273
