"match","win home","draw","win away"
"BSC Young Boys-Servette FC",0.818181818181818,0.181818181818182,0
"FC Lausanne Sport-FC St. Gallen 1879",0.181818181818182,0.409090909090909,0.409090909090909
"FC Lugano-FC Zürich",0.409090909090909,0.454545454545455,0.136363636363636
"FC Sion-FC Luzern",0.272727272727273,0.318181818181818,0.409090909090909
"FC Vaduz-FC Basel 1893",0.0454545454545455,0.181818181818182,0.772727272727273
