"match","win home","draw","win away"
"BSC Young Boys-FC Luzern",0.904761904761905,0.0714285714285714,0.0238095238095238
"FC Basel 1893-FC Lausanne-Sport",0.404761904761905,0.333333333333333,0.261904761904762
"FC Lugano-FC St. Gallen 1879",0.166666666666667,0.404761904761905,0.428571428571429
"FC Sion-Servette FC",0.119047619047619,0.523809523809524,0.357142857142857
"FC Vaduz-FC Zürich",0.261904761904762,0.380952380952381,0.357142857142857
