"match","win home team","draw","win away team"
"FC Basel 1893-BSC Young Boys",0.3854,0.301418181818182,0.313181818181818
"FC Sion-FC Lugano",0.415563636363636,0.259054545454545,0.325381818181818
"FC St. Gallen 1879-Servette FC",0.498818181818182,0.199090909090909,0.302090909090909
"FC Vaduz-FC Lausanne-Sport",0.207745454545455,0.301890909090909,0.490363636363636
"FC Zürich-FC Luzern",0.654490909090909,0.173218181818182,0.172290909090909
