"match","win home","draw","win away"
"FC Lugano-FC Lausanne-Sport",0.722222222222222,0.166666666666667,0.111111111111111
"FC Luzern-FC Basel 1893",0.111111111111111,0.333333333333333,0.555555555555556
"FC St. Gallen 1879-BSC Young Boys",0.111111111111111,0.388888888888889,0.5
"FC Zürich-FC Sion",0.666666666666667,0.333333333333333,0
"Servette FC-FC Vaduz",0.944444444444444,0.0555555555555556,0
