"match","win home team","draw","win away team"
"FC Lausanne-Sport-FC Vaduz",0.542745454545455,0.327290909090909,0.129963636363636
"FC Lugano-BSC Young Boys",0.275672727272727,0.488890909090909,0.235436363636364
"FC Luzern-FC Sion",0.255890909090909,0.337327272727273,0.406781818181818
"FC St. Gallen 1879-FC Basel 1893",0.459727272727273,0.335672727272727,0.2046
"Servette FC-FC Zürich",0.4056,0.276545454545455,0.317854545454545
