"match","win home team","draw","win away team"
"BSC Young Boys-FC Lausanne-Sport",0.870218181818182,0.0653818181818182,0.0644
"FC Lugano-Servette FC",0.540090909090909,0.2134,0.246509090909091
"FC Sion-FC Basel 1893",0.236436363636364,0.301436363636364,0.462127272727273
"FC St. Gallen 1879-FC Luzern",0.761072727272727,0.126818181818182,0.112109090909091
"FC Zürich-FC Vaduz",0.434545454545454,0.475290909090909,0.0901636363636364
