"match","win home","draw","win away"
"FC Lausanne-Sport-BSC Young Boys",0.0555555555555556,0.166666666666667,0.777777777777778
"FC Lugano-FC Basel 1893",0.222222222222222,0.444444444444444,0.333333333333333
"FC Vaduz-FC Sion",0.166666666666667,0.444444444444444,0.388888888888889
"FC Zürich-FC St. Gallen 1879",0.222222222222222,0.555555555555556,0.222222222222222
"Servette FC-FC Luzern",0.722222222222222,0.277777777777778,0
