"match","win home","draw","win away"
"FC Lausanne-Sport-BSC Young Boys",0.0714285714285714,0.214285714285714,0.714285714285714
"FC Lugano-FC Basel 1893",0.285714285714286,0.452380952380952,0.261904761904762
"FC Vaduz-FC Sion",0.0714285714285714,0.428571428571429,0.5
"FC Zürich-FC St. Gallen 1879",0.261904761904762,0.452380952380952,0.285714285714286
"Servette FC-FC Luzern",0.785714285714286,0.214285714285714,0
