"match","win home","draw","win away"
"FC Basel 1893-Servette FC",0.710526315789474,0.289473684210526,0
"FC Luzern-BSC Young Boys",0.0789473684210526,0.131578947368421,0.789473684210526
"FC Sion-FC Lugano",0.0526315789473684,0.447368421052632,0.5
"FC St. Gallen 1879-FC Vaduz",0.815789473684211,0.157894736842105,0.0263157894736842
"FC Zürich-FC Lausanne Sport",0.394736842105263,0.473684210526316,0.131578947368421
