"match","win home team","draw","win away team"
"BSC Young Boys-FC Sion",0.843854545454546,0.0795818181818182,0.0765636363636364
"FC Basel 1893-FC Lugano",0.7904,0.106563636363636,0.103036363636364
"FC St. Gallen 1879-FC Zürich",0.494709090909091,0.148745454545455,0.356545454545455
"FC Vaduz-FC Luzern",0.433709090909091,0.213454545454546,0.352836363636364
"Servette FC-FC Lausanne-Sport",0.3356,0.311654545454545,0.352745454545454
