"match","win home team","draw","win away team"
"BSC Young Boys-FC Zürich",0.778109090909091,0.112818181818182,0.109072727272727
"FC Basel 1893-FC Vaduz",0.7066,0.160218181818182,0.133181818181818
"FC Lausanne-Sport-Servette FC",0.186545454545454,0.186363636363636,0.627090909090909
"FC Lugano-FC Luzern",0.465163636363636,0.269509090909091,0.265327272727273
"FC St. Gallen 1879-FC Sion",0.698563636363636,0.158636363636364,0.1428
