"match","win home","draw","win away"
"BSC Young Boys-FC Vaduz",0.928571428571429,0.0714285714285714,0
"FC Lausanne-Sport-FC Sion",0.75,0.178571428571429,0.0714285714285714
"FC Lugano-FC Zürich",0.357142857142857,0.571428571428571,0.0714285714285714
"FC Luzern-FC St. Gallen 1879",0.428571428571429,0.321428571428571,0.25
"Servette FC-FC Basel 1893",0.357142857142857,0.357142857142857,0.285714285714286
