"match","win home team","draw","win away team"
"FC Lausanne-Sport-BSC Young Boys",0.153054545454545,0.318527272727273,0.528418181818182
"FC Lugano-FC Basel 1893",0.544345454545455,0.233018181818182,0.222636363636364
"FC Vaduz-FC Sion",0.409690909090909,0.297309090909091,0.293
"FC Zürich-FC St. Gallen 1879",0.563436363636364,0.201636363636364,0.234927272727273
"Servette FC-FC Luzern",0.368963636363636,0.317981818181818,0.313054545454545
