"match","win home","draw","win away"
"BSC Young Boys-FC Sion",1,0,0
"FC Basel 1893-FC Lugano",0.428571428571429,0.357142857142857,0.214285714285714
"FC St. Gallen 1879-FC Zürich",0.357142857142857,0.5,0.142857142857143
"FC Vaduz-FC Luzern",0.142857142857143,0.571428571428571,0.285714285714286
"Servette FC-FC Lausanne-Sport",0.571428571428571,0.357142857142857,0.0714285714285714
