"match","win home team","draw","win away team"
"FC Lausanne-Sport-FC Basel 1893",0.226709090909091,0.239945454545455,0.533345454545455
"FC Lugano-FC Vaduz",0.520618181818182,0.325818181818182,0.153563636363636
"FC Luzern-Servette FC",0.369309090909091,0.187236363636364,0.443454545454545
"FC Sion-FC St. Gallen 1879",0.328109090909091,0.197218181818182,0.474672727272727
"FC Zürich-BSC Young Boys",0.245745454545455,0.290290909090909,0.463963636363636
