"match","win home team","draw","win away team"
"BSC Young Boys-Servette FC",0.918054545454546,0.0638727272727273,0.0180727272727273
"FC Basel 1893-FC Lausanne-Sport",0.692872727272727,0.221181818181818,0.0859454545454545
"FC Lugano-FC Luzern",0.698018181818182,0.16,0.141981818181818
"FC Vaduz-FC St. Gallen 1879",0.212472727272727,0.254218181818182,0.533309090909091
"FC Zürich-FC Sion",0.615381818181818,0.211509090909091,0.173109090909091
