"match","win home team","draw","win away team"
"FC Basel 1893-FC Zürich",0.762,0.129127272727273,0.108872727272727
"FC Lausanne-Sport-FC Sion",0.357454545454545,0.358618181818182,0.283927272727273
"FC Luzern-FC Lugano",0.469963636363636,0.253181818181818,0.276854545454546
"FC Vaduz-BSC Young Boys",0.122127272727273,0.275127272727273,0.602745454545455
"Servette FC-FC St. Gallen 1879",0.458963636363636,0.188472727272727,0.352563636363636
