"match","win home","draw","win away"
"BSC Young Boys-Servette FC",0.871794871794872,0.128205128205128,0
"FC Lausanne Sport-FC St. Gallen 1879",0.179487179487179,0.358974358974359,0.461538461538462
"FC Lugano-FC Zürich",0.435897435897436,0.41025641025641,0.153846153846154
"FC Sion-FC Luzern",0.153846153846154,0.435897435897436,0.41025641025641
"FC Vaduz-FC Basel 1893",0.0256410256410256,0.128205128205128,0.846153846153846
