"match","win home","draw","win away"
"BSC Young Boys-FC Zürich",0.909090909090909,0.0808080808080808,0.0101010101010101
"FC Basel 1893-FC Vaduz",0.838383838383838,0.131313131313131,0.0303030303030303
"FC Lausanne-Sport-Servette FC",0.171717171717172,0.434343434343434,0.393939393939394
"FC Lugano-FC Luzern",0.343434343434343,0.484848484848485,0.171717171717172
"FC St. Gallen 1879-FC Sion",0.717171717171717,0.171717171717172,0.111111111111111
