"match","win home team","draw","win away team"
"BSC Young Boys-FC St. Gallen 1879",0.779636363636364,0.115218181818182,0.105145454545455
"FC Basel 1893-FC Sion",0.715145454545455,0.140181818181818,0.144672727272727
"FC Lausanne-Sport-FC Lugano",0.387618181818182,0.165454545454545,0.446927272727273
"FC Vaduz-Servette FC",0.332254545454546,0.345272727272727,0.322472727272727
"FC Zürich-FC Luzern",0.280654545454545,0.301018181818182,0.418327272727273
