"match","win home team","draw","win away team"
"BSC Young Boys-FC Vaduz",0.558890909090909,0.266890909090909,0.174218181818182
"FC Basel 1893-FC Luzern",0.404945454545455,0.241327272727273,0.353727272727273
"FC Lausanne-Sport-FC Zürich",0.418618181818182,0.334836363636364,0.246545454545455
"FC Lugano-FC Sion",0.743454545454545,0.135818181818182,0.120727272727273
"FC St. Gallen 1879-Servette FC",0.524672727272727,0.226618181818182,0.248709090909091
