"match","win home team","draw","win away team"
"FC Lausanne-Sport-Servette FC",0.437745454545454,0.189763636363636,0.372490909090909
"FC Lugano-BSC Young Boys",0.101072727272727,0.266290909090909,0.632636363636364
"FC Luzern-FC Vaduz",0.303418181818182,0.500781818181818,0.1958
"FC Sion-FC St. Gallen 1879",0.453545454545455,0.148763636363636,0.397690909090909
"FC Zürich-FC Basel 1893",0.338127272727273,0.205109090909091,0.456763636363636
