"match","win home team","draw","win away team"
"BSC Young Boys-Servette FC",0.894872727272727,0.0709454545454545,0.0341818181818182
"FC Lausanne-Sport-FC St. Gallen 1879",0.576581818181818,0.119818181818182,0.3036
"FC Lugano-FC Zürich",0.699290909090909,0.197781818181818,0.102927272727273
"FC Sion-FC Luzern",0.2174,0.217981818181818,0.564618181818182
"FC Vaduz-FC Basel 1893",0.158527272727273,0.289836363636364,0.551636363636364
