"match","win home team","draw","win away team"
"BSC Young Boys-FC St. Gallen 1879",0.851563636363636,0.0976909090909091,0.0507454545454545
"FC Basel 1893-FC Luzern",0.383818181818182,0.585545454545455,0.0306363636363636
"FC Zürich-FC Thun",0.192309090909091,0.530763636363636,0.276927272727273
"Neuchâtel Xamax FCS-FC Lugano",0.166363636363636,0.151836363636364,0.6818
"Servette FC-FC Sion",0.539563636363636,0.0816727272727273,0.378763636363636
