"match","win home","draw","win away"
"BSC Young Boys-FC Vaduz",0.976190476190476,0.0238095238095238,0
"FC Basel 1893-FC Luzern",0.547619047619048,0.428571428571429,0.0238095238095238
"FC Lausanne Sport-FC Zürich",0.428571428571429,0.476190476190476,0.0952380952380952
"FC Lugano-FC Sion",0.357142857142857,0.30952380952381,0.333333333333333
"FC St. Gallen 1879-Servette FC",0.547619047619048,0.285714285714286,0.166666666666667
