"match","win home","draw","win away"
"FC Lausanne-Sport-FC Lugano",0.166666666666667,0.5,0.333333333333333
"FC Luzern-BSC Young Boys",0.0416666666666667,0.0833333333333333,0.875
"FC Sion-FC Vaduz",0.5,0.375,0.125
"FC St. Gallen 1879-FC Basel 1893",0.5,0.333333333333333,0.166666666666667
"Servette FC-FC Zürich",0.458333333333333,0.375,0.166666666666667
