"match","win home team","draw","win away team"
"BSC Young Boys-FC St. Gallen 1879",0.853036363636364,0.0975272727272727,0.0494363636363636
"FC Basel 1893-FC Luzern",0.385581818181818,0.584345454545455,0.0300727272727273
"FC Zürich-FC Thun",0.191109090909091,0.533145454545455,0.275745454545455
"Neuchâtel Xamax FCS-FC Lugano",0.166654545454545,0.154127272727273,0.679218181818182
"Servette FC-FC Sion",0.537472727272727,0.0816545454545455,0.380872727272727
