"match","win home team","draw","win away team"
"FC Basel 1893-Servette FC",0.615872727272727,0.163909090909091,0.220218181818182
"FC Luzern-BSC Young Boys",0.0708909090909091,0.148690909090909,0.780418181818182
"FC Sion-FC Lugano",0.348981818181818,0.260545454545454,0.390472727272727
"FC St. Gallen 1879-FC Vaduz",0.606563636363636,0.260927272727273,0.132509090909091
"FC Zürich-FC Lausanne-Sport",0.3198,0.334,0.3462
