"match","win home","draw","win away"
"FC Basel 1893-FC Luzern",0.277777777777778,0.388888888888889,0.333333333333333
"FC Sion-Servette FC",0.0555555555555556,0.444444444444444,0.5
"FC St. Gallen 1879-BSC Young Boys",0.166666666666667,0.388888888888889,0.444444444444444
"FC Vaduz-FC Lugano",0.333333333333333,0.444444444444444,0.222222222222222
"FC Zürich-FC Lausanne-Sport",0.444444444444444,0.222222222222222,0.333333333333333
