"match","win home","draw","win away"
"BSC Young Boys-Servette FC",0.785714285714286,0.214285714285714,0
"FC Basel 1893-FC Lausanne-Sport",0.642857142857143,0.178571428571429,0.178571428571429
"FC Lugano-FC Luzern",0.428571428571429,0.428571428571429,0.142857142857143
"FC Vaduz-FC St. Gallen 1879",0,0.25,0.75
"FC Zürich-FC Sion",0.5,0.392857142857143,0.107142857142857
