"match","win home team","draw","win away team"
"BSC Young Boys-FC Lugano",0.918436363636364,0.0555090909090909,0.0260545454545455
"FC Basel 1893-FC St. Gallen 1879",0.821981818181818,0.0928545454545455,0.0851636363636364
"FC Lausanne-Sport-FC Luzern",0.444236363636364,0.210872727272727,0.344890909090909
"FC Sion-FC Vaduz",0.429654545454545,0.348272727272727,0.222072727272727
"FC Zürich-Servette FC",0.592690909090909,0.208090909090909,0.199218181818182
