"match","win home team","draw","win away team"
"FC Luzern-FC St. Gallen 1879",0.3646,0.152781818181818,0.482618181818182
"FC Sion-FC Lausanne-Sport",0.282581818181818,0.251109090909091,0.466309090909091
"FC Vaduz-FC Lugano",0.218945454545455,0.371545454545455,0.409509090909091
"FC Zürich-FC Basel 1893",0.259909090909091,0.350127272727273,0.389963636363636
"Servette FC-BSC Young Boys",0.280072727272727,0.400381818181818,0.319545454545455
