"match","win home","draw","win away"
"FC Basel 1893-BSC Young Boys",0.0740740740740741,0,0.925925925925926
"FC Sion-FC Lugano",0.222222222222222,0.62962962962963,0.148148148148148
"FC St. Gallen 1879-Servette FC",0.703703703703704,0.259259259259259,0.037037037037037
"FC Vaduz-FC Lausanne-Sport",0.148148148148148,0.481481481481481,0.37037037037037
"FC Zürich-FC Luzern",0.333333333333333,0.333333333333333,0.333333333333333
