"match","win home team","draw","win away team"
"FC Lugano-FC Lausanne-Sport",0.317618181818182,0.371781818181818,0.3106
"FC Luzern-FC Basel 1893",0.1534,0.204581818181818,0.642018181818182
"FC St. Gallen 1879-BSC Young Boys",0.166163636363636,0.379127272727273,0.454709090909091
"FC Zürich-FC Sion",0.581218181818182,0.276418181818182,0.142363636363636
"Servette FC-FC Vaduz",0.487618181818182,0.355981818181818,0.1564
