"match","win home","draw","win away"
"FC Basel 1893-FC Zürich",0.708333333333333,0.291666666666667,0
"FC Lausanne-Sport-FC Sion",0.666666666666667,0.333333333333333,0
"FC Luzern-FC Lugano",0.208333333333333,0.375,0.416666666666667
"FC Vaduz-BSC Young Boys",0,0,1
"Servette FC-FC St. Gallen 1879",0.166666666666667,0.625,0.208333333333333
