"match","win home","draw","win away"
"FC Basel 1893-FC Luzern",0.333333333333333,0.4,0.266666666666667
"FC Sion-Servette FC",0.1,0.333333333333333,0.566666666666667
"FC St. Gallen 1879-BSC Young Boys",0.133333333333333,0.366666666666667,0.5
"FC Vaduz-FC Lugano",0.266666666666667,0.533333333333333,0.2
"FC Zürich-FC Lausanne-Sport",0.5,0.166666666666667,0.333333333333333
