"match","win home","draw","win away"
"BSC Young Boys-FC Lausanne-Sport",0.894736842105263,0.105263157894737,0
"FC Basel 1893-FC Sion",0.789473684210526,0.157894736842105,0.0526315789473684
"FC Vaduz-FC Zürich",0,0.526315789473684,0.473684210526316
"Servette FC-FC Luzern",0.368421052631579,0.315789473684211,0.315789473684211
"",0,0,0
