"match","win home team","draw","win away team"
"FC Basel 1893-BSC Young Boys",0.611781818181818,0.237654545454545,0.150563636363636
"FC Luzern-FC Zürich",0.273145454545455,0.200527272727273,0.526327272727273
"FC St. Gallen 1879-FC Lugano",0.817236363636364,0.0857272727272727,0.0970363636363637
"FC Vaduz-FC Lausanne-Sport",0.4024,0.222709090909091,0.374890909090909
"Servette FC-FC Sion",0.386545454545455,0.306327272727273,0.307127272727273
