"match","win home","draw","win away"
"BSC Young Boys-FC Zürich",0.91304347826087,0.0760869565217391,0.0108695652173913
"FC Basel 1893-FC Vaduz",0.83695652173913,0.130434782608696,0.0326086956521739
"FC Lausanne-Sport-Servette FC",0.152173913043478,0.445652173913043,0.402173913043478
"FC Lugano-FC Luzern",0.347826086956522,0.478260869565217,0.173913043478261
"FC St. Gallen 1879-FC Sion",0.728260869565217,0.152173913043478,0.119565217391304
