"match","win home","draw","win away"
"BSC Young Boys-FC Luzern",0.888888888888889,0.0740740740740741,0.037037037037037
"FC Basel 1893-FC Lausanne-Sport",0.407407407407407,0.333333333333333,0.259259259259259
"FC Lugano-FC St. Gallen 1879",0.148148148148148,0.481481481481481,0.37037037037037
"FC Sion-Servette FC",0.111111111111111,0.518518518518518,0.37037037037037
"FC Vaduz-FC Zürich",0.259259259259259,0.407407407407407,0.333333333333333
