"match","win home team","draw","win away team"
"FC Lausanne-Sport-FC Lugano",0.451472727272727,0.191872727272727,0.356654545454545
"FC Luzern-BSC Young Boys",0.0414909090909091,0.09,0.868509090909091
"FC Sion-FC Vaduz",0.511563636363636,0.275381818181818,0.213054545454545
"FC St. Gallen 1879-FC Basel 1893",0.370163636363636,0.153090909090909,0.476745454545455
"Servette FC-FC Zürich",0.315563636363636,0.167581818181818,0.516854545454545
