"match","win home","draw","win away"
"FC Lausanne-Sport-Servette FC",0.178571428571429,0.464285714285714,0.357142857142857
"FC Lugano-BSC Young Boys",0,0.25,0.75
"FC Luzern-FC Vaduz",0.678571428571429,0.178571428571429,0.142857142857143
"FC Sion-FC St. Gallen 1879",0.142857142857143,0.392857142857143,0.464285714285714
"FC Zürich-FC Basel 1893",0.25,0.357142857142857,0.392857142857143
