"match","win home team","draw","win away team"
"BSC Young Boys-FC St. Gallen 1879",0.852454545454545,0.0983090909090909,0.0492363636363636
"FC Basel 1893-FC Luzern",0.380927272727273,0.589236363636364,0.0298363636363636
"FC Zürich-FC Thun",0.189254545454545,0.537818181818182,0.272927272727273
"Neuchâtel Xamax FCS-FC Lugano",0.169909090909091,0.1546,0.675490909090909
"Servette FC-FC Sion",0.539945454545455,0.0806909090909091,0.379363636363636
