"match","win home team","draw","win away team"
"FC Basel 1893-FC Luzern",0.572836363636364,0.296327272727273,0.130836363636364
"FC Sion-Servette FC",0.150909090909091,0.177054545454545,0.672036363636364
"FC St. Gallen 1879-BSC Young Boys",0.108381818181818,0.154945454545455,0.736672727272727
"FC Vaduz-FC Lugano",0.223745454545455,0.249381818181818,0.526872727272727
"FC Zürich-FC Lausanne-Sport",0.469581818181818,0.272418181818182,0.258
