"match","win home team","draw","win away team"
"BSC Young Boys-FC Basel 1893",0.752090909090909,0.134818181818182,0.113090909090909
"FC Luzern-FC Vaduz",0.497636363636364,0.302472727272727,0.199890909090909
"FC Sion-FC Zürich",0.212,0.146254545454545,0.641745454545455
"FC St. Gallen 1879-FC Lausanne-Sport",0.517018181818182,0.199381818181818,0.2836
"Servette FC-FC Lugano",0.234909090909091,0.153836363636364,0.611254545454545
