"match","win home","draw","win away"
"FC Luzern-FC Lausanne-Sport",0.266666666666667,0.366666666666667,0.366666666666667
"FC Sion-BSC Young Boys",0.0666666666666667,0.266666666666667,0.666666666666667
"FC Vaduz-FC St. Gallen 1879",0.0666666666666667,0.3,0.633333333333333
"FC Zürich-FC Lugano",0.233333333333333,0.333333333333333,0.433333333333333
"Servette FC-FC Basel 1893",0.233333333333333,0.266666666666667,0.5
