"match","win home team","draw","win away team"
"BSC Young Boys-FC Lausanne-Sport",0.864945454545454,0.0744545454545454,0.0606
"FC Basel 1893-FC Sion",0.788418181818182,0.140036363636364,0.0715454545454546
"FC Vaduz-FC Zürich",0.161563636363636,0.382836363636364,0.4556
"Servette FC-FC Luzern",0.543854545454545,0.247109090909091,0.209036363636364
