"match","win home","draw","win away"
"FC Basel 1893-BSC Young Boys",0.0555555555555556,0,0.944444444444444
"FC Sion-FC Lugano",0.166666666666667,0.611111111111111,0.222222222222222
"FC St. Gallen 1879-Servette FC",0.611111111111111,0.333333333333333,0.0555555555555556
"FC Vaduz-FC Lausanne-Sport",0.111111111111111,0.5,0.388888888888889
"FC Zürich-FC Luzern",0.388888888888889,0.388888888888889,0.222222222222222
